<?xml version="1.0" encoding="UTF-8"?>
<!DOCTYPE suite SYSTEM "https://testng.org/testng-1.0.dtd">
<suite name="Suite" parallel="none" verbose="5">
  <test thread-count="5" name="Test">
    <classes>
      <class name="com.leaftaps.ui.test.TC01_CreateLead"/>
      <class name="com.leaftaps.ui.test.TC02_EditLead"/>
      <class name="com.leaftaps.ui.test.TC03_DuplicateLead"/>
      <class name="com.leaftaps.ui.test.TC04_MergeLead"/>
      <class name="com.leaftaps.ui.test.TC05_DeleteLead"/>
    </classes>
  </test> <!-- Test -->
</suite> <!-- Suite -->
